id_user,username,mail,password_user,first_name,last_name,date_creation,update_password,c_cash
1,michael32,marilynblackburn@roy-pierce.com,+wK$tjcUr6MU,Eileen,Jones,2021-06-17 21:27:57,2025-04-30 07:43:30,9316
2,richard01,imack@gmail.com,Ce4(Cs7Fv51C,Cathy,Ryan,2020-08-01 08:25:50,2025-04-20 15:26:10,63082
3,rhondacrane,donald92@wolf.com,5f3zgn)bgw&T,Tammy,Gilbert,2020-09-05 19:46:23,2025-04-19 07:51:55,92799
4,mitchellmarc,kristenodom@gmail.com,qSX*Fzsz11eT,Heather,Andersen,2025-05-03 11:14:12,2025-05-22 17:21:30,2690
5,robertsmith,igeorge@anderson-benton.com,*r7Ca++w#ZXO,Kimberly,Garcia,2023-05-13 21:21:18,2025-03-06 13:17:13,64156
6,tgreen,mark45@gmail.com,6yX8MNSz#@^j,Sharon,Graham,2024-05-17 06:45:39,2025-08-04 03:16:00,75710
7,amy63,cweber@hall-lambert.com,ee9V8Nzr4e$#,Jennifer,Small,2023-01-21 18:24:42,2025-04-02 04:55:51,49070
8,williamsgary,guerreropaul@gmail.com,%4NCZ6oK*oO8,John,Calhoun,2020-11-21 06:10:12,2025-03-25 09:58:38,18425
9,adamsbrenda,benjamin62@lewis.com,%0E1cu)j+in8,Justin,Harvey,2022-10-29 23:44:22,2025-04-17 03:35:24,59147
10,hernandezwilliam,ellispeter@yahoo.com,$3d5b**2W9QF,Jonathan,Santana,2023-02-15 09:55:03,2025-01-28 13:59:55,88092
11,ramirezelaine,lowerycaleb@yahoo.com,&e7wxvXq&YEq,Summer,Gardner,2023-03-23 21:32:07,2025-04-22 17:42:56,3788
12,edward31,wbush@gmail.com,_4BpIbNY^JE6,Jesse,Lucas,2021-05-14 06:36:28,2025-04-04 15:42:53,72426
13,ywelch,lindsey72@camacho.com,9*2RJJmq&CaL,Samuel,Page,2021-06-05 19:43:49,2025-07-25 06:28:15,83624
14,anthonyshields,alexanderlewis@yahoo.com,_Ub0uW3sziX(,Susan,Drake,2023-06-22 00:10:50,2025-04-25 14:26:22,86069
15,rowlandmike,wjohnson@yahoo.com,_cAMEvRs!695,Andrew,Sanders,2021-10-30 14:09:31,2025-07-23 23:12:11,80443
16,bharris,weberallen@smith-moyer.net,KeVpLo%*@O5V,Maurice,Frost,2025-03-03 00:52:19,2025-03-28 07:39:21,17087
17,qjohnson,mark39@werner.com,%5rSuLN@X_^7,Keith,Campbell,2021-10-15 14:26:47,2025-03-11 17:01:49,87741
18,tracydaniel,jacquelinebaker@griffin.org,k7F)ZK&tItzV,Katelyn,Ross,2021-07-16 13:27:18,2025-03-27 18:16:27,65589
19,bishopamy,ugardner@cervantes.net,^1DrJZMu4oE5,Carolyn,Acosta,2024-06-20 03:03:01,2025-08-15 03:43:01,41907
20,jhunt,kristarobinson@gmail.com,(grZ^gFn2*S%,Jeremy,Wiley,2023-05-15 06:08:31,2025-05-07 22:01:11,26094
21,erikaparker,rebecca81@stewart-moore.com,Nf0wHcX9kS!o,Douglas,Mcmillan,2020-12-02 15:07:14,2025-02-15 03:25:50,60794
22,robertsbrittney,rogermitchell@mclean.net,SpAGMRNvJ*6n,Sarah,Whitaker,2022-05-17 02:41:41,2025-07-10 22:18:27,44302
23,christinemason,fordjoel@white-glover.org,WJ5&tnNIg&lZ,Erin,Wall,2021-11-08 16:04:04,2025-04-28 22:08:21,70179
24,carrie97,bruce96@gmail.com,%Ys90^MhzM3M,Luis,Smith,2025-04-30 02:13:19,2025-07-11 05:03:52,25388
25,theresa09,patricknixon@rodriguez.com,u9^ECKGl%5AK,Matthew,Williams,2021-01-23 03:34:06,2025-01-21 02:04:46,95978
26,kreyes,cwilson@brown.com,#fDmqdCb28F7,Matthew,Wright,2021-08-14 22:09:47,2025-02-10 09:32:33,24496
27,josephluis,natalie83@campos.com,P#37n%pqLSD0,Jose,Bridges,2021-11-23 11:39:50,2025-04-16 06:21:47,89408
28,ericroberts,william64@yahoo.com,q@05zYBl%TWV,Bonnie,Callahan,2024-12-06 19:48:18,2025-02-24 09:26:59,96513
29,acopeland,harrisedward@cooper.com,$0G3MXRzO1Wu,Veronica,Vaughan,2020-10-21 23:44:41,2025-08-15 15:08:18,3703
30,jacobwilson,dunnjames@yahoo.com,JA(AgNPj@e6(,Brent,Sloan,2023-11-29 11:11:11,2025-06-25 20:03:21,53009
31,chambersjason,michaeltaylor@yahoo.com,^95YTjJI)_it,Joseph,Oliver,2023-10-14 21:57:09,2025-02-17 10:54:43,93785
32,johnsonsamuel,jasmine51@yahoo.com,&96sxaroG_mV,Sarah,Barrett,2022-04-03 17:24:27,2025-01-13 11:09:29,49309
33,awalker,schroederwesley@smith.com,qfDxpdpfy!5I,Valerie,Hart,2022-10-13 07:11:49,2025-03-14 18:09:48,66407
34,barkerpamela,anthony24@yahoo.com,fOTtewO5#0Uy,Keith,Thompson,2024-08-30 13:40:30,2025-03-03 12:26:40,81559
35,daniel83,ostevenson@yahoo.com,X4(&0dy+&UCa,Elizabeth,Roberson,2020-08-28 02:35:43,2025-01-01 18:42:16,42237
36,homelissa,hilltim@gmail.com,&ppX_kXy71HC,Angela,Gonzalez,2020-02-02 07:04:29,2025-01-24 19:42:22,82935
37,bensonchase,kking@johnson.com,GkV7tjk5*#Kv,Beth,Johnson,2021-11-21 11:18:03,2025-05-31 18:04:55,70906
38,tmonroe,bradshawjessica@patrick.com,hE71OwxDy*X^,Jordan,Higgins,2020-02-26 19:20:16,2025-01-06 23:26:35,77868
39,michelleturner,hilllisa@martinez.org,W8%SdHsuYxg(,Jonathan,Martinez,2021-07-31 13:38:47,2025-03-10 01:55:48,77014
40,elizabeth44,donaldthompson@white-kelly.com,*5s5X&Ga!NIv,Rebecca,Williams,2022-04-22 15:53:04,2025-01-26 23:52:58,29944
41,danielphillips,christopher61@gmail.com,X$3qWU2vOi8g,Kathleen,Jimenez,2021-01-07 19:13:20,2025-07-29 14:03:13,63964
42,edward54,ariana73@parks-thomas.net,_DX4MAXi6*W2,Tonya,Hobbs,2020-10-21 04:14:53,2025-05-03 02:28:54,23688
43,mdavidson,osmith@yahoo.com,4d1YonoAu!JQ,Lauren,Campbell,2023-04-16 22:24:28,2025-04-06 02:17:22,90824
44,bgardner,bcunningham@yahoo.com,JO%lTTap3JQ4,Amy,Quinn,2025-01-17 18:19:14,2025-03-17 04:36:39,63163
45,wrightmeagan,xmorgan@yahoo.com,*k@cBXX23&MM,Joshua,Adams,2023-08-03 07:23:31,2025-06-04 05:32:20,16051
46,blackwellandrew,jthornton@russell.com,E#V61a(Am+9Q,Eddie,Flowers,2023-05-11 06:45:52,2025-04-07 22:15:41,67279
47,guerralauren,ktravis@gmail.com,%!16KW#qavPv,Kevin,Cross,2022-06-07 23:16:09,2025-06-07 17:57:25,52994
48,zhammond,rrichardson@schwartz-meyer.net,9#9gPgkW_PVD,David,Nunez,2021-11-13 10:00:16,2025-03-08 07:34:53,38556
49,sandersallison,christina83@hotmail.com,BR5A0hvc%d4F,Tammy,Kaiser,2022-05-21 00:56:43,2025-01-05 08:56:06,8907
50,lsmith,tmills@yahoo.com,3MpgG4iT+^hU,Chelsea,Wilson,2022-12-09 20:43:22,2025-01-25 21:26:42,99986
51,istewart,leemelissa@gmail.com,89Y1olRL!sw*,Anne,Howard,2024-08-01 19:03:33,2025-04-23 11:23:45,62415
52,stevenadams,paulbernard@hotmail.com,D4R&IhSZQP*8,Sarah,Rodriguez,2021-10-25 00:36:43,2025-07-14 11:42:25,1689
53,njones,tcarson@yahoo.com,CfbjB+!ox_51,Andrew,Green,2025-03-18 03:03:24,2025-05-29 07:28:26,95553
54,richardquinn,lyonsjacqueline@thomas-beard.com,RJ6qKKauI!0G,Alexandria,Mitchell,2020-01-01 11:21:50,2025-03-22 22:56:55,30090
55,tyler21,trevinojacqueline@yahoo.com,#cWxeg%D1kz+,Kristin,Caldwell,2020-07-12 16:17:09,2025-06-05 06:28:18,79224
56,yrandall,erussell@yoder.com,N!obA1bso+1A,John,Castro,2021-04-29 17:09:18,2025-07-02 21:03:59,62474
57,jessica07,michelle60@yahoo.com,@2wBqllt!swH,Brian,Wall,2021-06-18 08:41:54,2025-01-21 22:59:01,77142
58,dsmith,markhuffman@smith.org,&+i4nPtz$NHx,Connie,Wheeler,2023-12-29 23:42:31,2025-08-14 02:45:43,9795
59,meaganclark,chavezanne@lamb-parker.com,$c0FxYoyLKKs,Susan,Livingston,2025-04-16 21:15:59,2025-04-25 04:30:15,19189
60,williamskevin,samuelallen@gmail.com,Fa26VSi4%@Q5,Michele,Bell,2020-06-23 04:32:40,2025-05-02 16:32:19,59434
61,alexis33,deanbenjamin@lopez.net,&iMhS4@wK83P,Tim,Freeman,2022-06-15 16:22:09,2025-07-05 01:07:53,4403
62,andrew41,martinmaurice@cole.com,*&d3jVnf8A)2,Leah,Burton,2023-10-25 20:19:16,2025-02-04 09:23:22,54300
63,alfred71,andersonsheena@hotmail.com,6sZ42Wn&K$0j,Amber,Wilson,2021-08-13 02:54:20,2025-01-17 00:43:16,11139
64,diazbrian,diazcrystal@gmail.com,KwOaSmf2FG*7,Chad,Logan,2025-08-10 13:48:33,2025-05-10 21:55:36,5451
65,travismoore,gregorygross@smith.info,!o$v2QJf0*M),Dalton,Stevenson,2022-10-12 04:04:26,2025-02-05 18:09:56,96494
66,hardyjennifer,qbell@butler-robles.info,RdJqk5!v%9kV,Danny,Reynolds,2023-08-20 08:09:54,2025-07-29 09:48:39,48195
67,fostergina,christinaroman@gmail.com,CZ8Mo%eeK#*3,Vincent,Gay,2023-04-06 01:52:01,2025-08-09 05:37:03,36926
68,beverlyjohnson,george15@oconnor.com,5#73V8Zc^oN4,Troy,Gillespie,2021-12-13 17:06:04,2025-04-23 14:05:09,64388
69,loretta11,jonescody@gray-johnson.com,*BI%sdfwL2Cd,James,Davis,2023-09-30 22:33:11,2025-01-26 01:07:40,75469
70,jasmine77,danielnichols@hunt.com,)bHuu)Nl5J%w,Crystal,Francis,2023-04-27 14:57:39,2025-01-19 19:06:15,33167
71,scott32,mary70@yahoo.com,+MWS%Acn^AQ0,Donna,Lozano,2025-08-05 21:39:32,2025-07-10 12:40:56,16372
72,wwatson,qcain@stone.com,@BW5YGWt0n70,Sara,Greer,2022-12-21 00:46:52,2025-01-10 19:27:56,73558
73,tkennedy,qthornton@kerr-wallace.info,rcWkU$Ya)2Fm,Megan,Green,2023-08-14 14:29:00,2025-07-24 06:47:53,86473
74,felicia33,amber75@casey.com,K%e5Hqn+5c*u,Jason,Trujillo,2020-12-07 18:15:23,2025-06-03 16:33:00,63330
75,shepherddiana,tarahamilton@clark.com,T30GTW@fO@Qb,Cathy,Robinson,2022-01-28 08:42:36,2025-07-14 01:18:28,64750
76,patrickwolfe,oevans@brown.info,#3t5Hf+k4%bb,Steven,Parker,2024-09-14 06:49:03,2025-02-25 01:55:13,46716
77,rojasricky,carterjacob@blanchard-henderson.com,O#0R8i1ojTh#,Grace,Baker,2023-04-05 06:45:48,2025-02-28 09:44:44,22199
78,evansjulie,cmcgee@young-scott.biz,9@7RkpboK41N,Stephanie,Mendez,2020-09-10 11:37:35,2025-03-22 12:14:49,65222
79,pwright,eric73@reilly.org,)5eT$BrBtf2O,Lauren,Bentley,2024-03-17 22:35:17,2025-02-02 17:11:34,61757
80,morganvirginia,joshuawade@gmail.com,9WdIpM1D!AQw,Luis,Robinson,2021-10-13 00:15:06,2025-07-10 21:17:15,10581
81,longandrew,umason@byrd-patel.com,5&13hYltuHpt,Samantha,Tran,2021-04-15 19:56:25,2025-04-15 00:51:10,72516
82,beverlythomas,kimberly81@hotmail.com,KM$tC0QtHI66,Melissa,Smith,2024-05-30 06:25:07,2025-02-07 01:56:49,28317
83,pattersonamy,john48@yahoo.com,26__Xndh$q*z,James,Malone,2020-11-17 19:57:15,2025-04-23 03:24:40,35158
84,daniel83,johnjoseph@gmail.com,ZL4uUiaBq#15,Trevor,Williams,2020-09-18 20:53:35,2025-01-30 23:53:42,481
85,crosario,frostjennifer@hotmail.com,fNKk&QWp2$5+,Joseph,Ochoa,2023-01-20 03:20:29,2025-07-10 00:47:09,19571
86,clarkpamela,eric15@stewart-james.biz,A%t9Xx(DKWGk,Cheryl,Roberts,2021-12-18 09:16:37,2025-07-07 20:12:21,9057
87,bwebster,jose71@hotmail.com,6KY4oxcm#aif,Heidi,Garcia,2023-12-07 03:23:16,2025-01-05 21:29:41,11927
88,joneslaura,gjohnson@collins.com,1QF2J^Fy_Rpi,Christophe,Singh,2020-06-13 14:07:28,2025-08-11 03:21:46,25366
89,lerobert,olewis@webb-whitaker.info,RHR*!KQz@8)k,Elizabeth,Mcguire,2024-12-02 18:55:30,2025-05-12 10:47:19,95503
90,montgomeryruth,vsantiago@johnson.com,FPMg4PWa(2XY,Paula,Martinez,2021-02-25 20:20:08,2025-05-29 09:19:18,1605
91,thaynes,jefferydavis@gmail.com,yQ8%S)urneA2,Yvonne,Johnson,2022-02-13 21:34:49,2025-07-12 13:58:19,2683
92,brewerjames,adriansmith@gmail.com,orCpHSG%h&09,Victor,Murillo,2021-09-12 20:09:30,2025-03-28 20:33:01,46872
93,mollygreene,ywatson@hotmail.com,QTl@F3!y__7N,Jasmine,Bradley,2024-10-27 21:03:19,2025-01-04 04:03:32,79922
94,lindsaytaylor,melvin17@watson.com,p4cO7FcT&ms%,Christophe,Lyons,2020-05-23 04:47:16,2025-04-24 15:21:03,25680
95,jeffrey16,kathleenferguson@reed.com,Fk6n)$qNVa!F,Nancy,Fernandez,2022-03-28 07:25:01,2025-02-15 08:02:10,87717
96,davidalexander,richardsonkatrina@yahoo.com,0TFi8AMz*Ej&,Derrick,Chen,2025-05-16 04:16:29,2025-08-03 06:09:43,71404
97,paulmartinez,jeff18@hotmail.com,6#r5BcEAc@&0,Peter,Garcia,2025-04-16 23:10:26,2025-06-13 15:43:17,26968
98,carla54,caldwellhannah@hotmail.com,_^3YF4Hmsub6,Michael,Compton,2023-04-01 17:08:10,2025-05-13 10:48:07,39235
99,fwells,markriley@ross.com,2z8R)sg1$#Na,Shirley,Nelson,2023-08-31 09:05:20,2025-03-27 19:09:15,18505
100,davisrandall,tracygould@gmail.com,n(Hc(5%f$18*,Glenn,Williams,2022-09-02 21:23:07,2025-05-07 12:50:01,56865
